{"cameraList":[{"cameraName":"cam_position_1","fieldOfView":60.0,"position":{"x":-7.1848249435424809,"y":3.4000000953674318,"z":3.4700002670288088},"rotation":{"x":0.0,"y":0.8614158630371094,"z":0.0,"w":0.5079004168510437}},{"cameraName":"cam_position_2","fieldOfView":60.0,"position":{"x":7.055175304412842,"y":3.4000000953674318,"z":4.119999885559082},"rotation":{"x":0.0,"y":0.9344525337219238,"z":0.0,"w":-0.3560877740383148}},{"cameraName":"cam_position_3","fieldOfView":60.0,"position":{"x":8.285175323486329,"y":3.4000000953674318,"z":-9.420000076293946},"rotation":{"x":0.0,"y":-0.3730342388153076,"z":0.0,"w":0.9278175830841065}}]}