{"cameraList":[{"cameraName":"cam_position_1","fieldOfView":60.0,"position":{"x":-9.564825057983399,"y":3.4000000953674318,"z":3.6599998474121095},"rotation":{"x":0.0,"y":0.7738629579544067,"z":0.0,"w":0.633353054523468}},{"cameraName":"cam_position_2","fieldOfView":60.0,"position":{"x":-9.174824714660645,"y":3.4000000953674318,"z":-10.079999923706055},"rotation":{"x":0.0,"y":0.2968828082084656,"z":0.0,"w":0.9549139142036438}},{"cameraName":"cam_position_3","fieldOfView":60.0,"position":{"x":7.965175151824951,"y":3.4000000953674318,"z":-9.299999237060547},"rotation":{"x":0.0,"y":-0.38194066286087038,"z":0.0,"w":0.9241868257522583}},{"cameraName":"cam_position_4","fieldOfView":60.0,"position":{"x":-14.169650077819825,"y":3.4000000953674318,"z":-3.2010183334350588},"rotation":{"x":0.0,"y":0.6585312485694885,"z":0.0,"w":0.752553403377533}}]}